insert into seminar values(001,'Intro to Winning','Atlanta','30-NOV-2014','12:00');
insert into seminar values(002,'Midlevel Winning','Tampa','15-DEC-2014','12:00');
insert into seminar values(003,'Intro to Winning','Gainesville','12-JAN-2015','08:00');
insert into seminar values(004,'Advanced Winning','Charleston','20-FEB-2015','17:30');
insert into seminar values(005,'Intro to Winning','Augusta','12-MAR-2015','08:00');


insert into CUSTOMER values(00001,'JOHN','JAMES','JJ_GAMER@MAIL.COM',801,'354-8763','2465 WOOD ST.','LAYTON',84041,'UT');
insert into CUSTOMER values(00002,'MARY','MILLS','SWEET_MARY2@UMAIL.COM',702,'326-0987','1281 ANGEL RD.','LAS VEGAS',89081,'NV');
insert into CUSTOMER values(00003,'SUE','STEVENS','WONDERMOM22@OUTLOOK.COM',953,'256-0981','1386 OCEAN AVE.','MIAMI',33105,'FL');
insert into CUSTOMER values(00004,'BRANDON','PLUMMER','B_BALL2004@MAIL.COM',231,'268-0092','2928 PECK ST.','MUSKEGON',49444,'MI');
insert into CUSTOMER values(00005,'DEREK','JONES','5K_RUNNINGMAN@MAIL.COM',305,'761-6651','403 PEBBLE BLVD.','MIAMI',33166,'FL');


insert into invoice values(00001,'9-OCT-2014','CREDIT',7.99,8.47,4);
insert into invoice values(00002,'13-SEP-2014','BITCOIN',23.87,25.41,5);
insert into invoice values(00003,'13-NOV-2014','APPLEPAY',8.50,9.01,1);
insert into invoice values(00004,'1-JUL-2014','PAYPAL',7.99,8.47,1);
insert into invoice values(00005,'29-AUG-2014','CASH',24.99,26.49,2);










insert into product values(050,'WINNING SALES','DVD',19.95,343);
insert into product values(010,'25 MISTAKES','BOOK',7.99,234);
insert into product values(028,'CLOSING THE DEAL','BOOK',8.50,1001);
insert into product values(005,'VERNON RATTLER BIO','BOOK',12.99,983);
insert into product values(029,'COMMSION OR BUST','DVD',24.99,321);


insert into contact values(00001,00002,'15-SEP-2013',1);
insert into contact values(00002,00002,'11-OCT-2014',2);
insert into contact values(00003,00005,'19-JUL-2014',3);
insert into contact values(00004,00001,'30-DEC-2013',1);
insert into contact values(00005,00003,'17-APR-2014',2);


insert into attendence values(00002,001,00042,'A03');
insert into attendence values(00001,002,00120,'D04');
insert into attendence values(00004,002,01220,'A12');
insert into attendence values(00003,003,01100,'F12');
insert into attendence values(00005,001,00003,'C34');


insert into lineitem values(00001,010,1);
insert into lineitem values(00004,028,1);
insert into lineitem values(00005,029,1);
insert into lineitem values(00003,028,1);
insert into lineitem values(00002,010,2);
